<?xml version="1.0" encoding="utf-8"?>
<extension type="file" version="2.5" method="upgrade">
	<name>var_cck_seb_css3b</name>
	<author>Octopoos</author>
	<authorEmail>contact@seblod.com</authorEmail>
	<authorUrl>https://www.seblod.com</authorUrl>
	<copyright>Copyright (C) 2009 - 2018 SEBLOD. All Rights Reserved.</copyright>
	<license>GNU General Public License version 2 or later.</license>
	<creationDate>September 2015</creationDate>
	<description>Position Variation for SEBLOD 3.x - www.seblod.com</description>
	<version>3.16.3</version>

	<fileset>
		<files target="libraries/cck/rendering/variations">
			<folder>seb_css3b</folder>

			<file>seb_css3b/seb_css3b.php</file>
			<file>seb_css3b/options.xml</file>
			<file>seb_css3b/index.html</file>
		</files>
	</fileset>
	<!--
	<languages folder="languages">
		<language tag="en-GB">en-GB/en-GB.files_var_cck_seb_css3.sys.ini</language>
		<language tag="fr-FR">fr-FR/fr-FR.files_var_cck_seb_css3.sys.ini</language>
	</languages>
	-->
</extension>