<?xml version="1.0" encoding="utf-8"?>
<extension type="plugin" group="search" version="2.5" method="upgrade">
	<name>plg_search_cck</name>
	<author>Octopoos</author>
	<authorEmail>contact@seblod.com</authorEmail>
	<authorUrl>https://www.seblod.com</authorUrl>
	<copyright>Copyright (C) 2009 - 2018 SEBLOD. All Rights Reserved.</copyright>
	<license>GNU General Public License version 2 or later.</license>
	<creationDate>January 2011</creationDate>
	<description>SEBLOD 3.x - www.seblod.com // by Octopoos - www.octopoos.com</description>
	<version>3.16.3</version>
	
	<files>
		<filename plugin="cck">cck.php</filename>
		<filename>index.html</filename>
	</files>
	
	<config>
		<fields />
	</config>
</extension>