<?xml version="1.0" encoding="utf-8"?>
<extension type="module" client="site" version="2.5" method="upgrade">
	<name>mod_cck_search</name>
	<author>Octopoos</author>
	<authorEmail>contact@seblod.com</authorEmail>
	<authorUrl>https://www.seblod.com</authorUrl>
	<copyright>Copyright (C) 2009 - 2018 SEBLOD. All Rights Reserved.</copyright>
	<license>GNU General Public License version 2 or later.</license>
	<creationDate>January 2011</creationDate>
	<description>LIB_CCK_EXTENSION_DESCRIPTION</description>
	<version>3.16.3</version>
	
	<files>
		<folder>tmpl</folder>
		
		<filename module="mod_cck_search">mod_cck_search.php</filename>
		<filename>index.html</filename>
	</files>
	
	<languages folder="languages">
			<language tag="en-GB">en-GB/en-GB.mod_cck_search.ini</language>
			<language tag="en-GB">en-GB/en-GB.mod_cck_search.sys.ini</language>
			<language tag="fr-FR">fr-FR/fr-FR.mod_cck_search.ini</language>
			<language tag="fr-FR">fr-FR/fr-FR.mod_cck_search.sys.ini</language>
	</languages>
	
	<config>
		<fields name="params" addfieldpath="/libraries/cck/construction/field">
			<fieldset name="basic">
				<field name="search" type="cck" construction="core_search_type" id="jform_trigger_search" class="inputbox" required="true" label="MOD_CCK_SEARCH_CONFIG_SEARCH" description="MOD_CCK_SEARCH_CONFIG_SEARCH_DESC" />
				<field name="menu_item"	type="menuitem"	label="MOD_CCK_SEARCH_CONFIG_MENU_ITEM" description="MOD_CCK_SEARCH_CONFIG_MENU_ITEM_DESC" class="inputbox">
					<option value="">COM_CCK_INHERITED</option>
					<option value="-1">COM_CCK_URL</option>
				</field>
				<field name="menu_item_search" type="cck" construction="core_dev_radio" default="0" cck_selectlabel="" cck_options="No=0||Yes=1"
				   label="MOD_CCK_SEARCH_CONFIG_MENU_ITEM_SEARCH" description="MOD_CCK_SEARCH_CONFIG_MENU_ITEM_SEARCH_DESC" class="btn-group btn-group-yesno" />
				<field name="show_list_title" type="cck" construction="core_show_hide" default="0" cck_selectlabel="Use Global"
					   label="COM_CCK_CONFIG_SHOW_LIST_TITLE" description="COM_CCK_CONFIG_SHOW_LIST_TITLE_DESC" class="inputbox" />
				<field name="tag_list_title" type="cck" construction="core_tag_title" default="" label="" description="" class="inputbox" />
				<field name="class_list_title" type="cck" construction="core_class_title" default="" label="" description="" class="inputbox" />
				<field name="cckjs" type="cckjs" label="" description=""
					   js_appendto="jform_params_show_list_title=J(as tag),#jform_params_tag_list_title,J(with class),#jform_params_class_list_title"
					   js_isvisiblewhen="div#jform_params_cckjs-more='jform_params_show_list_title','1',false" js_format="html" hidden="true" />
				<field name="show_list_desc" type="cck" construction="core_show_hide2" default="" cck_selectlabel="Use Global"
					   label="COM_CCK_CONFIG_SHOW_LIST_DESCRIPTION" description="COM_CCK_CONFIG_SHOW_LIST_DESCRIPTION_DESC" class="inputbox" />
				<field name="list_desc" type="cck" construction="core_description" default="" label="Edit Description" description="..." class="inputbox" cck_selectlabel="Edit"
					   js_appendto="jform_params_show_list_desc=a.wysiwyg_editor_box"
					   js_isvisiblewhen="a.wysiwyg_editor_box='jform_params_show_list_desc','1,2',false" js_format="html" hidden="true" filter="raw" />
				<field name="tag_list_desc" type="list" default="div" label="COM_CCK_CONFIG_DESCRIPTION_TAG" description="COM_CCK_CONFIG_DESCRIPTION_TAG_DESC" class="inputbox">
					<option value="div">div</option>
					<option value="p">p</option>
				</field>
			</fieldset>
			<fieldset name="cck-overrides" label="LIB_CCK_FIELDSET_OVERRIDES" description="MOD_CCK_SEARCH_CONFIG_LIVE_DESC">
				<field name="live" type="cckhidden" label="" description="" />
				<field name="variation" type="cckhidden" label="" description="" />
			</fieldset>
			<fieldset name="cck-url" label="LIB_CCK_FIELDSET_URL_ASSIGNMENT">
				<field name="url_show" type="text" label="MOD_CCK_SEARCH_CONFIG_URL_SHOW" description="MOD_CCK_SEARCH_CONFIG_URL_SHOW_DESC" class="inputbox" size="50" />
				<field name="url_hide" type="text" label="MOD_CCK_SEARCH_CONFIG_URL_HIDE" description="MOD_CCK_SEARCH_CONFIG_URL_HIDE_DESC" class="inputbox" size="50" />
			</fieldset>
			<fieldset name="advanced">
				<field name="layout" type="modulelayout" label="JFIELD_ALT_LAYOUT_LABEL" description="JFIELD_ALT_MODULE_LAYOUT_DESC" class="inputbox" />
				<field name="moduleclass_sfx" type="textarea" rows="3" label="COM_MODULES_FIELD_MODULECLASS_SFX_LABEL" description="COM_MODULES_FIELD_MODULECLASS_SFX_DESC" class="inputbox" />
				<field name="force_moduleclass_sfx" type="list" label="LIB_CCK_MODULES_FORCE_MODULECLASS_SFX" default="0" description="LIB_CCK_MODULES_FORCE_MODULECLASS_SFX_DESC" class="inputbox">
					<option value="0">JNO</option>
					<option	value="1">JYES</option>
				</field>
				<field name="raw_rendering" type="list" label="LIB_CCK_RAW_RENDERING" default="0" description="LIB_CCK_RAW_RENDERING_DESC" class="inputbox">
					<option value="0">JNO</option>
					<option	value="1">JYES</option>
				</field>
				<field name="" type="spacer" label="" />
				<field name="" type="spacer" label="" />
			</fieldset>
		</fields>
	</config>
</extension>