<?xml version="1.0" encoding="utf-8"?>
<extension type="file" version="2.5" method="upgrade">
	<name>var_cck_joomla</name>
	<author>Octopoos</author>
	<authorEmail>contact@seblod.com</authorEmail>
	<authorUrl>https://www.seblod.com</authorUrl>
	<copyright>Copyright (C) 2009 - 2018 SEBLOD. All Rights Reserved.</copyright>
	<license>GNU General Public License version 2 or later.</license>
	<creationDate>December 2011</creationDate>
	<description>Position Variation for SEBLOD 3.x - www.seblod.com</description>
	<version>3.16.3</version>

	<fileset>
		<files target="libraries/cck/rendering/variations">			
			<folder>joomla</folder>
			
			<file>joomla/joomla.php</file>
			<file>joomla/options.xml</file>
			<file>joomla/index.html</file>
		</files>
	</fileset>
	
	<languages folder="languages">
		<language tag="en-GB">en-GB/en-GB.files_var_cck_joomla.sys.ini</language>
		<language tag="fr-FR">fr-FR/fr-FR.files_var_cck_joomla.sys.ini</language>
	</languages>
</extension>